id,variant,car_model_id
1,Vista Aqua 1.4 TDI,1
2,Lx BSIV,2
3,Vista Aqua TDI BSIII,1
4,R LXI Minor,3
5,LT,4
6,Lx,2
7,Estilo VXI BSIV,5
8,Vxi,6
9,Diesel LS,4
10,TDI,7
11,LX,8
12,VDi,9
13,1.0 LS,10
14,Vista Terra 1.4 TDI,1
15,LS BSII,7
16,800 LXI,8
17,CX SE,2
18,Magna 1.2,11
19,Executive,12
20,Titanium 1.5 TDCi,13
21,Era Plus,14
22,1.0 Era Plus,14
23,D Lite Plus,14
24,Vista Quadrajet LS,1
25,Diesel Titanium,15
26,Diesel Trendline 1.2L,16
27,Vista Aura 1.2 Safire,1
28,Aura (ABS) Safire BS IV,17
29,Vista Aqua 1.3 Quadrajet,1
30,1.0 LT,10
31,CR4,7
32,LXi,8
33,LX,7
34,Vista TDI LX,1
35,MPI STD BSIV,18
36,1.0 LT BS3,10
37,K10 LXI,8
38,CS LE (TDI) BS-III,7
39,Aura Safire BS IV,17
40,Diesel LT,4
41,Executive CNG,12
42,Vista Aqua 1.2 Safire BSIV,1
43,Sportz 1.2,11
44,GLS,7
45,V2 DLS BSII,1
46,1.6 LT with ABS,19
47,R VXI BS IV,3
48,Xing GLS CNG,20
49,R LXI CNG,3
50,GLS BS IV,1
51,R LXI BS IV,3
52,Vista Terra Quadrajet 1.3L,1
53,Vista Quadrajet LX,1
54,1.99 S10,21
55,T Jet Emotion,22
56,K10 VXI,8
57,AT VXI,6
58,Cx BSIV,2
59,Petrol Titanium,15
60,Xing GL,20
61,Xing GLS,20
62,1.0 PS,10
63,Diesel XV Premium,23
64,1.0 Kappa Magna Plus,14
65,Diesel,4
66,SX Diesel,24
67,800 Base,8
68,1.5 D2 BSIII,25
69,Magna Plus,14
70,K10 2010-2014 VXI,8
71,Magna,11
72,1.3 Emotion,26
73,Vista Aura Plus 1.3 Quadrajet,1
74,U-VA 1.2 LS,19
75,Petrol ZXI,15
76,1,10
77,LS,7
78,CS Emax CNG GLX,7
79,Diesel PS,4
80,Punto 1.3 Dynamic (Diesel),27
81,Vista TDI LS,1
82,Twist XE,2
83,Aura (ABS) Quadrajet BS IV,17
84,GX TC 8 Str,28
85,LT Option,4
86,Vista Quadrajet VX,1
87,RXT,29
88,Cx BSIII,2
89,Vxi BSIV,30
90,LS,4
91,Sportz,14
92,C4,31
93,AC,32
94,XM,2
95,SLX,33
96,LXi BSIII,8
97,1.3 GVS,34
98,Petrol LXI,15
99,E MPI STD BS IV,18
100,800 CNG LXI,8
101,800 VXI,8
102,Estilo LXI Green (CNG),5
103,1.5 D4 BSIV,25
104,8 Seater BSIV,18
105,Estilo LX BSIV,5
106,Safari DICOR 2.2 EX 4x2,35
107,Safari DICOR 2.2 EX 4x2,158
108,R Duo Lxi,3
109,D Lite,14
110,XT EX 4X4,36
111,1.05 Revotorq XM,37
112,Xing GL Plus,20
113,Classic 1.4 Duratorq CLXI,13
114,Magnum 2.0 LS,38
115,V,39
116,EX,40
117,Aura Safire,17
118,PS,4
119,XL D,41
120,5 STR With AC Plus HTR CNG,42
121,STD,2
122,VXI,9
123,T Option BSIV,43
124,ZXI MT BSIV,30
125,Dzire Vdi BSIV,44
126,Lx BSIII,2
127,Dzire VDI,44
128,1.4 ZXi Duratec,13
129,T Option,45
130,R DUO LPG,3
131,R VXi BSII,3
132,LX SE,2
133,Era,11
134,800 LX,8
135,Active XV S,23
136,XL,41
137,Club Class Quadrajet90 LS,17
138,Celebration Edition BSIV,46
139,1.3 Active,26
140,1.6 CRDI,24
141,R Stingray VXI,3
142,VDi,47
143,Green LXi (CNG),8
144,C6,31
145,D2 BS IV,46
146,R LX BS IV,3
147,VDI,44
148,RXL,29
149,1.2 Sportz,48
150,1.3 Emotion,22
151,GLE CNG,12
152,Diesel EXI,15
153,Era 1.1 iTech SE,11
154,ELAN Quadrajet BS IV,17
155,LS Dicor,7
156,1.4 Duratorq LXI,49
157,1.4 Duratorq LXI,105
158,Aqua Quadrajet BS IV,17
159,Safari DICOR 2.2 VX 4x2,35
160,Safari DICOR 2.2 VX 4x2,158
161,Celebration Petrol,30
162,VDI BSIV,44
163,Diesel ZXI,15
164,Vista Aura 1.3 Quadrajet BSIV,1
165,1.3 LS,50
166,LX,2
167,Diesel XL,41
168,1.2 Base,50
169,V MT,51
170,Emotion,22
171,Dzire LXI Option,44
172,1.2 Active,26
173,Std,2
174,1.3 GLS,34
175,8 Seater BSII,18
176,Celebration Diesel,30
177,Magna,48
178,Sportz AT,11
179,1.6 TDI Elegance,52
180,Quadrajet XE,53
181,R VXI BS IV with ABS,3
182,Diesel Trend,13
183,1.3 TCDi LS 8,54
184,R LX Minor,3
185,1.0 RXL,29
186,R LXI,3
187,Sportz 1.1L,11
188,E MT,51
189,GLX,12
190,CS LX (TDI) BS-III,7
191,Magna 1.1L,11
192,Liva G,39
193,CS eLX BS IV,7
194,Power Plus Plus AC BSIV PS,33
195,Vdi BSIII,44
196,CRDe,55
197,R AMT VXI,3
198,1.5 S MT,56
199,CX,2
200,1.4 LS,19
201,Plus T Option BSIV,43
202,Magna 1.4 CRDi (Diesel),48
203,Sportz,11
204,Std,32
205,LXi,9
206,Aura Quadrajet BS IV,17
207,A,43
208,Asta 1.4 CRDi,48
209,C8,31
210,1.6 VTVT,24
211,1.4 Emotion,26
212,Xing GLS Audio LPG,20
213,110PS Diesel RxZ,57
214,Revotron 1.2T XMS,58
215,Magnum 2.0 LS BSIII,38
216,Grand Dicor,7
217,Sportz Petrol,48
218,LXI,44
219,1.6 Duratec LXI,49
220,1.6 Duratec LXI,105
221,E4,46
222,1.5 TDI Trendline,16
223,GD,39
224,RXL BSIV,29
225,800 LXI CNG,8
226,1.5 D2 BSIV,25
227,1.5 V AT,56
228,5 Seater AC BSIV,42
229,AMT 1.0 S,45
230,1.5 TDCi Titanium,13
231,Dzire LXi,44
232,R VXI BSIII,3
233,Twist XT,2
234,Grand Petrol,7
235,Hatchback LT ABS,50
236,Dzire LDI,44
237,LPG Magna Plus,14
238,SLX 2WD,33
239,Safari DICOR 2.2 GX 4x2 BS IV,35
240,Safari DICOR 2.2 GX 4x2 BS IV,158
241,1.1 CRDi Base,59
242,Hatchback LS ABS,50
243,CS eLS BS IV,7
244,Era Plus Option,14
245,R VXI Minor,3
246,XL,23
247,Emotion (Diesel),22
248,Diesel Highline,60
249,1.4 CNG,19
250,R VXI Optional,3
251,2.5 EV Diesel PS 7 Seater BSIII,61
252,Diesel Celebration Edition,15
253,S MT,51
254,D4 BSIV,46
255,Diesel Style Limited Edition,60
256,Magna 1.2 iTech SE,11
257,7 Seater Standard BSIV,42
258,Punto Emotion 90Hp,27
259,Punto EVO 90HP 1.3 Sport,27
260,Diesel LXI,15
261,ZDI,30
262,1.0 LT Option Pack w/ Airbag,10
263,1,29
264,R Stingray LXI,3
265,Liva GD SP,39
266,VXi,9
267,LXI,62
268,1.2 S MT,51
269,Vista Terra Quadrajet 1.3L BS IV,1
270,1.4 CRDi Era,48
271,Vista Aqua 1.3 Quadrajet BSIV,1
272,Magnum 2.0 LT,38
273,E i-Dtech,63
274,1.5 D6 BSIII,25
275,800 LXI Airbag,8
276,GLX,7
277,Diesel Comfortline,60
278,i10 1.2 Kappa Sportz Dual Tone,64
279,i10 1.2 Kappa Sportz Dual Tone,133
280,i10 1.2 Kappa Sportz Dual Tone,134
281,DI,33
282,i10 Sportz,64
283,i10 Sportz,133
284,i10 Sportz,134
285,1.5 V MT,56
286,R LXI LPG BSIV,3
287,Asta,48
288,E4 ABS BS IV,46
289,Petrol Highline AT,60
290,Diesel XV,23
291,1.9 L TDI,65
292,LX,28
293,Estilo 1.1 LXI BSIII,5
294,Punto EVO 1.3 Active,27
295,R VXI,3
296,LXI,8
297,Xing XL eRLX Euro III,20
298,LTZ,66
299,Dzire VDi,44
300,CRDi,12
301,Vibe 1.5 dCi D4,25
302,Club Class Quadrajet90 VX,17
303,Star VDI,44
304,Ldi BSIV,44
305,Dzire ZDI,44
306,1.6 MPI Active,52
307,1.5D Ambiente ABS MT,15
308,Liva VX,39
309,1.0 Ecoboost Titanium Optional,67
310,Hatchback 1.2 LS,50
311,1.0 MPI Trendline,16
312,1.0 S,45
313,LSI,1
314,VDI,68
315,VX,39
316,LDi,9
317,2011-2019 SLE,33
318,Dzire VXi,44
319,Transform VTVT,24
320,VXI,47
321,VD,39
322,Safari DICOR 2.2 GX 4x2,35
323,Safari DICOR 2.2 GX 4x2,158
324,Dzire LDi,44
325,RXT Optional,29
326,Diesel Trendline,60
327,Ambiente 2.0 TDI CR MT,69
328,VXI BSIII,44
329,Magna LPG,11
330,Altis Diesel D4DG,70
331,Petrol Highline 1.2L,16
332,1.2 Sport,71
333,1.2L Diesel Ambiente,72
334,VXI,5
335,Asta 1.2,48
336,1500 DSL AC,73
337,Active (Diesel),22
338,LX Dicor,7
339,1.2 DLX,44
340,LT,66
341,XT EX 4X2,36
342,Vista Quadrajet 90 VX,1
343,Liva GD,39
344,1.5 CRDi GVS,34
345,CRDi SX,24
346,Estilo Sports,5
347,R LXI DUO BS IV,3
348,Climber 1.0 AMT BSIV,29
349,Magna Optional 1.2,48
350,1.0 TSI Highline Plus,60
351,Plus A,43
352,Transform SX VTVT,24
353,1.9 Highline TDI,65
354,Plus T,43
355,GD SP,39
356,Magna,14
357,Vxi BSIII,30
358,Magna 1.1,11
359,VXI Optional,44
360,1.2 CRDi E,59
361,T Petrol,43
362,Victa CX 7/9 Str BSII,28
363,Vista Aqua 1.3 Quadrajet ABS BSIV,1
364,1.2 Kappa S,59
365,K10 VXI AGS,8
366,1.0 RXT Optional,29
367,IPL II Diesel Trendline,60
368,LS B3 7 Seats BSII,74
369,GS,20
370,1.4 Duratec ZXI,13
371,S i-Dtech,63
372,1.2 TDI Active,72
373,LT L1 7 Seats BSIII,74
374,K10 VXI AGS Optional,8
375,1.2 Magna,48
376,2.0 TDI Trendline,65
377,LX BSIII,8
378,Estilo LXI BSIII,5
379,E i-VTEC,63
380,1.8 TFSI MT,75
381,Ldi BSIII,44
382,100 mFALCON G80 K8 5str,76
383,V i DTEC,77
384,800 Std Optional,8
385,LX BSIV,21
386,Magna 1.1 iTech SE,11
387,ZXI AT,30
388,EX i-Dtech,63
389,1.5 EXI,56
390,DLE,1
391,GX TC 7 Str BSIII,28
392,Sportz 1.2 AT,11
393,Revotron 1.2T XE,58
394,AC BSIII,32
395,Estilo LXI BS IV,5
396,RXE,29
397,VDI,30
398,Diesel Comfortline 1.2L,16
399,T BSIV,43
400,LXi BSIV,44
401,K10 VXI Optional,8
402,S,45
403,1.3 DLX,44
404,K10 LX,8
405,1.4 ZXi Leather,13
406,LXi BSII,8
407,Quadrajet 1.3,58
408,Hatchback 1.3 TCDi LT ABS,50
409,1.3 VXi,44
410,1.2 Asta,48
411,Classic 1.4 SXI Duratorq,13
412,E 8 Str STD,18
413,1.4 ZXi TDCi ABS,13
414,E,56
415,Dzire 1.2 Vxi BSIV,44
416,SE Plus BSIII,28
417,LT LPG,4
418,Vibe 1.5 dCi D6,25
419,King Hard Top,78
420,1.2 MPI Ambition Plus,72
421,Plus T Option,43
422,MPI STD BSIII 5-STR W/ IMMOBILISER,18
423,Dynamic,22
424,CRDi,24
425,Xing GL Plus LPG,20
426,S,56
427,GLX,34
428,R VXI Plus Optional,3
429,1.6 Duratec S,13
430,GLS,12
431,1.2 Revotron XE,37
432,Magna Optional,14
433,1.6 TDI Ambition,52
434,1.1 CRDi S,59
435,K10 LXI CNG Optional,8
436,Xing XS,20
437,CRDi (Leather Option),79
438,1.6 Duratec EXI Ltd,13
439,1.5 EXI S,56
440,Revotron XE,53
441,1.2P Ambiente MT,15
442,LS zipPlus,20
443,Diesel RxL,80
444,1.3 DX,56
445,Diesel Highline 1.2L,16
446,Xing XG AT,20
447,VX MT,56
448,FS B3,81
449,1.5 GXI,56
450,E8,46
451,85PS Diesel RxL,57
452,1.6 SX CRDi (O),24
453,E8 ABS Airbag BSIV,46
454,Xing XK (Non-AC),20
455,LX,5
456,Cross 1.4L GD,39
457,K10 LXI CNG,8
458,ZXI,47
459,Sportz 1.2,48
460,1.2 Kappa SX,59
461,BSIII 8-STR W/ IMMOBILISER,18
462,Xing XG,20
463,XXi (Petrol),24
464,R LX BSIII,3
465,D PS,5
466,GLE 1,12
467,R LX,3
468,1.6,38
469,VXi - BS III,5
470,GLS I - Euro I,20
471,Petrol Comfortline 1.2L,16
472,1.2 MPI,83
473,U-VA 1.2 LT WO ABS Airbag,19
474,5 Str STD,18
475,R LXI DUO BSIII,3
476,1.5 TDI Comfortline AT,60
477,AC Uniq,32
478,LX,21
479,LXI,5
480,Lxi - BSIII,84
481,Diesel XV Primo,23
482,i (Petrol),24
483,1.4 TDCi DuraTorq,85
484,MULTIJET Emotion,86
485,85PS Diesel RxE,57
486,Std MPFi,32
487,Std BSIII,32
488,E9,46
489,VXI,44
490,100 G80 K2,76
491,Diesel LT Option,4
492,LXi BSII,5
493,Dzire ZXI,44
494,1.6 LS,38
495,1.6 SX VTVT AT,24
496,U-VA 1.2 LT,19
497,1.6 ZXi Duratec,13
498,CS LS (TDI) BS-III,7
499,Estilo LX BSIII,5
500,GLS,34
501,GLE BSIII,7
502,LX - BS III,5
503,DI DX 7 Seater,33
504,5 Seater Standard BSIV,42
505,MM 550 XDB,87
506,LE zipPlus,20
507,800 LXI Opt BSIV,8
508,Logan 1.5 DLE Diesel,88
509,800 CNG LXI Optional,8
510,R VXI Minor ABS,3
511,Classic Dicor,7
512,LXI,1
513,Era 1.1,11
514,i10 CRDi Sportz,64
515,i10 CRDi Sportz,133
516,i10 CRDi Sportz,134
517,SX,24
518,Vista Aura 1.3 Quadrajet,1
519,VXi,8
520,2.5 V Diesel 7-seater,61
521,2011-2019 SLX,33
522,K10 VXI Airbag,8
523,i10 CRDi Asta Option,64
524,i10 CRDi Asta Option,133
525,i10 CRDi Asta Option,134
526,Ambiente 1.9 PD,69
527,Neo 3 10 Seats BSIV,74
528,Vxi - BSIII,84
529,Vxi,89
530,Deluxe - Hi Roof (AC),90
531,Era,14
532,V2 2001-2011 DLS BSIII,1
533,GLS 1.6 ABS,12
534,AMT 1.0 T Option,91
535,1.8 S MT,92
536,LTZ AT,66
537,Quadrajet 1.3 75PS XE,58
538,1.2 Revotron XZ,37
539,100 mFALCON G80 K2,76
540,2.6 SLX Turbo 7 Seater,21
541,2019-2020 XE Diesel,37
542,Neo 2 LS B4 7 Str BSIII,74
543,Vxi,84
544,1.3 EXI,56
545,Smiles 5 Seater AC,42
546,Diesel XV,41
547,RXT BSIV,29
548,Neo LS B3 - 7(C) seats BSIII,74
549,Xing XG eRLX Euro III,20
550,1.6 MPI Elegance,52
551,E i-Vtech,63
552,i10 CRDi Magna,64
553,i10 CRDi Magna,133
554,i10 CRDi Magna,134
555,1.2 MPI Comfortline,16
556,Lxi,84
557,Std BSII,2
558,VX,51
559,DLS,1
560,GLE,12
561,1.8 V AT,92
562,Neo 3 Max 9 Str BSIII,74
563,S Cross DDiS 320 Delta,30
564,Xing GL PLUS CNG,20
565,Revotron 1.2 XT,58
566,1.3 LXI,44
567,Club Class Quadrajet90 EX,17
568,2.5 G (Diesel) 8 Seater BS IV,61
569,Transform CRDi VGT ABS,24
570,Liva 1.4 VD,39
571,GLE,34
572,Neo 3 LS 7 C BSIII,74
573,Estilo VXI BSIII,5
574,AT CNG,20
575,LP zipPlus,20
576,LXI Option,44
577,2.0 TDI Comfortline,65
578,1.5 V AT Exclusive,56
579,AT,20
580,Plus T Option Petrol,43
581,GL,93
582,i10 CRDi Asta,64
583,i10 CRDi Asta,133
584,i10 CRDi Asta,134
585,Pleasure 4x2,94
586,D,5
587,AC BSII,32
588,EX,32
589,VXI AT,47
590,1.3L Rocam Flair,85
591,1.9 TDI MT Ambiente,69
592,1.4 CRDi Sportz,48
593,LPG CARGO BSIII W IMMOBILISER,18
594,Punto Active (Diesel),27
595,i10 1.2 Kappa Sportz BSIV,64
596,i10 1.2 Kappa Sportz BSIV,133
597,i10 1.2 Kappa Sportz BSIV,134
598,MM 540,87
599,Logan 1.4 GLX Petrol,88
600,Estilo 1.1 VXI BSIII,5
601,VLX AT 2WD BSIII,21
602,R AX,3
603,Std BSII,32
604,ZDi BSIV,44
605,Lxi,6
606,H2,70
607,Victa EX 7/9 Str BSII,28
608,Elegance 1.9 TDI  AT,69
609,E MG410W ST,78
610,1.4 CRDi Asta,48
611,1.6 SX,24
612,ZDi,44
613,CRDi ABS,24
614,XE 85 PS,95
615,SLX 2WD BSIII,33
616,LXi - BS III,5
617,1.6 Duratec Petrol,96
618,2.6 CRDe,21
619,Magna Optional 1.4 CRDi,48
620,D2,46
621,AX,84
622,SLE BSIII,33
623,R LXI BSIII,3
624,VLS AT 2.2 mHAWK,21
625,1.8 S AT,92
626,Xing XL AT eRLX Euro III,20
627,GLS I - Euro II,20
628,Ambition 2.0 TDI CR AT,75
629,Quadrajet 1.3 XM,58
630,1.4,19
631,MM 775 XDB,87
632,1.2 MPI Highline,16
633,100 G80 K4 Plus,76
634,1.4 CRDi Magna,48
635,1.5 VX i DTEC,97
636,1.5,98
637,2.5 EV Diesel MS 7 Str BSIII,61
638,Zxi with Leather BSIII,30
639,Zxi BSIII,30
640,Classic,87
641,1.6 Highline,60
642,Xing XK,20
643,1.3 Flair,85
644,E i-DTEC,63
645,Logan 1.5 DLX Diesel,88
646,Xing XS eRLX Euro III,20
647,GLS ABS,34
648,Ambiente 1.9 TDI MT,99
649,Xing XK eRLX EuroIII,20
650,1.6 ZXI NXt,85
651,ZDi,47
652,85PS Diesel RxL Plus,57
653,Liva 1.2 V,39
654,R VX,3
655,XL Plus 85 PS,95
656,Plus T BSIV,43
657,SD,100
658,S Option AT,51
659,Aspire 1.2 Ti-VCT Trend,15
660,Gold EX,28
661,GL,34
662,VX,84
663,Altis 1.8 VL AT,70
664,1.6 SX VTVT (O),24
665,1.4 VTVT,24
666,DL,1
667,1.8 D,85
668,i10 1.2 Kappa Asta,64
669,i10 1.2 Kappa Asta,133
670,i10 1.2 Kappa Asta,134
671,2.5 GX 8 STR BSIV,61
672,VXI with ABS,44
673,1.2 Era,48
674,1.9 TDI Comfortline DSG,65
675,RxL,80
676,Select Edition Active,97
677,1.4 ZXi,85
678,i10 1.2 CRDi Magna,64
679,i10 1.2 CRDi Magna,133
680,i10 1.2 CRDi Magna,134
681,85PS Diesel RxL Optional,57
682,REV 116,21
683,5 Str STD LPG,18
684,1.2P Titanium Plus MT,15
685,Vista Terra TDI BSIII,1
686,XV D Premium Leather,41
687,Classic 1.9 TDI MT,99
688,1.2 Revotron XZA,37
689,1.6 LT,19
690,Xing XO,20
691,Aspire 1.5 TDCi Trend,15
692,i10 Asta,64
693,i10 Asta,133
694,i10 Asta,134
695,Logan 1.5 DLS,88
696,1.5 DV5 MT Titanium,67
697,D4,46
698,SX CRDi AT,24
699,Climber 1.0 AMT,29
700,SLE BSIV,21
701,Era Plus Sports Edition,14
702,1.2 MPI Trendline,101
703,Sigma 1.2,89
704,VVT VXI,44
705,U-VA 1.2,19
706,Storme VX,102
707,1.5 TDI Ambition,52
708,RxZ Optional,103
709,Ambiente,69
710,ZXI AMT BSIV,47
711,H6,70
712,ZXI,44
713,Green VXI,47
714,2019-2020 XZ,37
715,DX,32
716,RxL,103
717,RxZ,103
718,VXI Deca,44
719,VLX 2WD BSIV,21
720,SLE,33
721,2015-2017 Magna 1.2,48
722,VXI AMT BSIV,47
723,STD,8
724,ZXI ABS,44
725,D2 Maxx,46
726,Sportz 1.4 CRDi,48
727,SHVS VDI,68
728,1.05 Revotorq XE,37
729,Magna 1.4 CRDi,48
730,Aspire 1.5 TDCi Ambiente ABS,15
731,Active XV,23
732,i10 Asta Option,64
733,i10 Asta Option,133
734,i10 Asta Option,134
735,CL 500 MDI,87
736,DUO AC LPG,32
737,H3,70
738,CRDi SX ABS,24
739,1.5 TDI Comfortline,60
740,1.6 ZXi Leather,13
741,1.3 VXI ABS,44
742,Asta AT,11
743,L n K 1.9 PD,69
744,2.5L 4X2 MT,104
745,TCDi LT 8 Seater,54
746,Transform CRDi VGT SX ABS,24
747,R CNG LXI,3
748,R AMT VXI Option,3
749,CNG,18
750,2.0 VX 7 Seater,61
751,VX,5
752,2000 Dsz,49
753,2000 Dsz,105
754,DLX,1
755,1.2 Zeta BSIV,106
756,Cross 1.2L G,39
757,1.2 Revotron XT,107
758,New Diesel Highline,60
759,Power Plus SLX,33
760,2.5 E 8 STR,61
761,Asta (o),48
762,Delta 1.2,89
763,VX i-DTEC,63
764,i10 Magna,64
765,i10 Magna,133
766,i10 Magna,134
767,CRDi,108
768,i10 1.2 Kappa Sportz Option,64
769,i10 1.2 Kappa Sportz Option,133
770,i10 1.2 Kappa Sportz Option,134
771,110PS Diesel RxL,57
772,AMT,29
773,VDi BSIII W/ ABS,44
774,Safari 4X4,35
775,Safari 4X4,158
776,VXI ABS,68
777,Safari Dicor EX 4X2 BS IV,35
778,Safari Dicor EX 4X2 BS IV,158
779,i DTEC S,56
780,1.5 V Elegance,56
781,Neo 2 LT L 9 Str,74
782,VXi BSIV,44
783,Pure LX 4x2,94
784,Petrol Trend,13
785,S i-VTEC,63
786,Magna CNG BSIV,20
787,i DTEC VX,56
788,Aspire 1.2 Ti-VCT Titanium Plus,15
789,AE,70
790,2.5 G3,61
791,LE,20
792,2.6 CRDe SLE,21
793,T Jet Plus,22
794,1.4 SXi TDCi,13
795,1.2 CRDi S,59
796,Dzire Tour LDI,44
797,Punto EVO 1.3 Dynamic,27
798,R VXI AMT,3
799,i-DTEC SV,56
800,LT,109
801,R VXI BSII,3
802,D 1.9 EL PS,71
803,Aura Quadrajet,17
804,1.5 TDCi Titanium BSIV,110
805,Glam,44
806,LPG STD BSIV,18
807,300 T6 Plus,111
808,1.2 Sigma BSIV,106
809,100 mFALCON D75 K6,76
810,Active 1.2 SX,48
811,1.2 Kappa Base,59
812,1.4 AT Zeta,112
813,TCDi LT 7 Seater,54
814,1.4 Magna Executive,48
815,Safari DICOR 2.2 EX 4x4,35
816,Safari DICOR 2.2 EX 4x4,158
817,SA 6 Seater,113
818,4X2,114
819,i DTEC E,56
820,1.2 S Option MT,51
821,2.0L VCDi,109
822,1.6 CRDi SX,115
823,Magna Plus Option,14
824,1.8 (E) MT,92
825,M2DI,21
826,Hatchback 1.3 TCDi,50
827,VDI Optional,44
828,1.5 TDI Highline,60
829,Plus A Option Petrol,43
830,DI 4X2,114
831,AT Leather,116
832,Trend,15
833,Plus Remix Limited Edition,43
834,Asta Option 1.4 CRDi,48
835,XL 110 PS,95
836,TCDi LS 8 Seater,54
837,Alpha 1.3,89
838,LXI MT BSIV,47
839,BSIV ZXI,68
840,i10 1.2 Kappa Magna AT,64
841,i10 1.2 Kappa Magna AT,133
842,i10 1.2 Kappa Magna AT,134
843,110PS Diesel RxZ Plus,57
844,1.5D Trend MT,15
845,Magna BSIV,20
846,i10 Magna AT,64
847,i10 Magna AT,133
848,i10 Magna AT,134
849,AMT VXI,44
850,85PS RxL,117
851,800 LXI Optional,8
852,S,97
853,E4 8S,46
854,Petrol Highline,60
855,1.4 TSI Comfortline,65
856,Alpha 1.2,89
857,2.0L TDI Comfortline,65
858,EVO 1.3 Dynamic,26
859,1.6 i ABS,24
860,S i-Vtech,63
861,i VTEC V,56
862,ZDI,68
863,100 mFALCON D75 K8 AW,76
864,ZDI Leather,30
865,1.2 LT ABS,50
866,1.1 CRDi SX Option,59
867,1.2 Delta BSIV,106
868,1.5 TDI Highline 16 Alloy,101
869,Active S Petrol,48
870,Titanium Diesel BSIV,15
871,1.2 Spotz,48
872,i-VTEC V MT,118
873,2011-2019 SLX 2WD BSIII,33
874,V AT,56
875,SLX 4WD BSIII,33
876,LS ABS,50
877,1.05 Revotorq XT Option,37
878,Safari DICOR 2.2 VX 4x4,35
879,Safari DICOR 2.2 VX 4x4,158
880,Delta Automatic,89
881,1.0 T Option,45
882,XT,37
883,1.6 Xi ABS,24
884,1.8 MT Sport,92
885,Titanium BSIV,119
886,1.5 TDI Comfortline,101
887,Ambition 4WD,120
888,Club Class Quadrajet90 LX,17
889,1.5 TDI Elegance,52
890,1.6 TDI PRESTIGE,52
891,SLX 2.6 Turbo 8 Str,21
892,VXI BSIV,44
893,1.5 Sports Edition MT,15
894,CRDi M/T,116
895,Neo 3 9 Str BSIII,74
896,SX i-VTEC,63
897,VX AT i-Vtech,63
898,1.2 Revotron XT,37
899,i10 1.2 CRDi Sportz Option,64
900,i10 1.2 CRDi Sportz Option,133
901,i10 1.2 CRDi Sportz Option,134
902,i10 1.2 CRDi Asta,64
903,i10 1.2 CRDi Asta,133
904,i10 1.2 CRDi Asta,134
905,100 mFALCON D75 K8,76
906,1.4 Magna ABS,48
907,VLX 2WD AT BSIV,21
908,DI DX 8 Seater,33
909,1.5 TDI Comfortline,16
910,H4,46
911,Classic 1.6 Duratec CLXI,13
912,SX AT Diesel,24
913,2.5L 4X2,104
914,Magna AMT BSIV,20
915,1.5D Titanium MT,15
916,SHVS ZDI,68
917,Logan 1.6 Petrol GLSX,88
918,RS 1.0 Petrol,89
919,1.2 S i VTEC,97
920,XE,121
921,2.6 Turbo 7 Str,21
922,ZXI BSIV,44
923,Elegance 2.0 TDI CR AT,75
924,VLX 2WD AIRBAG SE BSIV,21
925,4x2 XLT,104
926,VXI,68
927,SV 1.0,45
928,Aspire 1.5 TDCi Titanium Plus,15
929,Sportz AMT,20
930,1.2 Revotron XM,122
931,Exclusive Edition,51
932,LXI,9
933,Revotron XM,53
934,100 mFALCON G80 K2 Plus,76
935,i VTEC SV,56
936,100 D75 K6 Plus,76
937,VX O iDTEC,63
938,Dzire VXI,44
939,NRG Petrol,37
940,1.6 MPI AT Elegance Plus,52
941,XV Premium 110 PS,95
942,i10 1.2 Kappa Magna BSIV,64
943,i10 1.2 Kappa Magna BSIV,133
944,i10 1.2 Kappa Magna BSIV,134
945,Power Plus LX,33
946,1.8 TSI,75
947,VDi,112
948,VTEC,56
949,Asta,20
950,1.3 Multijet Emotion,22
951,Asta 1.4 CRDi (Diesel),48
952,S CVT Petrol,63
953,VDi Plus SHVS,112
954,Aspire Facelift,15
955,VXI Plus,123
956,ZXI Optional AMT BSIV,47
957,EX,124
958,1.2 VX MT,51
959,Lounge,125
960,2.5 V Diesel 8-seater,61
961,Altis Diesel D4DJ,70
962,Active 1.2 S,48
963,1.4 CRDi,24
964,VTi-L (MT),126
965,1.2 E MT,51
966,1.5 SV i DTEC,97
967,2.5 G (Diesel) 8 Seater,61
968,Liva 1.2 G,39
969,W6 2WD,127
970,2.4L AT,116
971,King Hard Top Ambulance BSIV,78
972,1.2 Revotron XZ Option,107
973,Era,20
974,VDi Option SHVS,112
975,1.4 SXi TDCi ABS,13
976,Crysta 2.5 VX BS IV,61
977,ZXI MT BSIV,47
978,ZXi,112
979,VX Petrol BSIV,63
980,Aspire 1.5 TDCi Titanium,15
981,Magnific 1.6 Highline,60
982,1.4 EX,24
983,EX,21
984,VDI Limited Edition,68
985,VX 8 Str,128
986,Gold EX BSIII,28
987,100 D75 K4 Plus 5Str,76
988,DICOR 2.2 EX 4x2,102
989,XLT TDCi 4X2,104
990,1.3 Delta,106
991,1.5 TDI AT Ambition,52
992,1.6 SX VTVT,24
993,VLS 2.2 mHawk,21
994,Magna 1.2,48
995,Power Plus SLE,33
996,Petrol EXI,15
997,1.4 Sportz,48
998,i DTec SV,56
999,Petrol RxL,57
1000,Classic 1.3 Multijet,22
1001,2.5 G (Diesel) 7 Seater BS IV,61
1002,i10 AT Asta,64
1003,i10 AT Asta,133
1004,i10 AT Asta,134
1005,S i DTEC,77
1006,RXL AWD,57
1007,S10 7 Seater,21
1008,Dzire LXI,44
1009,1.5 TDI Highline,16
1010,1.5 E MT,56
1011,S i-DTEC,63
1012,1.2 Asta Option,48
1013,Asta (o) 1.4 CRDi (Diesel),48
1014,300 T4 Plus,111
1015,Storme EX,102
1016,i20 Magna Plus BSIV,129
1017,2.5 GX (Diesel) 7 Seater,61
1018,TCDi LTZ 7 Seater,54
1019,1.2 VTVT S,59
1020,1.2 Revotron XTA,37
1021,220 CDI,130
1022,2.5 G4 Diesel 8-seater,61
1023,Altis 1.8 J,70
1024,Active SX Petrol,48
1025,CRDi S,79
1026,2015-2017 Sportz Option 1.4 CRDi,48
1027,VLX 2WD AIRBAG BSIV,21
1028,SLE BSIII,21
1029,W8 2WD,127
1030,1.0 Ecoboost Titanium,67
1031,SR Petrol 1.2L,16
1032,VX,97
1033,Active XV Petrol,23
1034,LDI BSIV,44
1035,1.6 MPI Ambition With Alloy Wheel,52
1036,Zeta 1.2,89
1037,S Cross DDiS 320 Zeta,30
1038,ZDi SHVS,112
1039,DDiS LDI,44
1040,1.4 LT BSIV,19
1041,Zeta,89
1042,i20 Petrol Magna Exective,129
1043,S AT i-Vtech,63
1044,i DTEC SV,56
1045,VLX 2WD BSIII,21
1046,1.5 Ti VCT AT Titanium,67
1047,1.05 Revotorq XZ Plus,37
1048,1.2P Titanium MT,15
1049,S Diesel,63
1050,1.8 V MT,92
1051,Diesel Style,13
1052,R VXI AMT1.2BSIV,3
1053,1.2 CRDi SX,59
1054,E4 BS III,46
1055,ZDI,44
1056,i20 Sportz Plus BSIV,129
1057,CNG 5 Seater AC BSIV,42
1058,Titanium Diesel BSIV,119
1059,VDI (ABS) BS IV,9
1060,2.5 GX (Diesel) 7 Seater BS IV,61
1061,Delta Diesel,89
1062,Zeta DDiS 200 SH,131
1063,LDI,44
1064,1.2 V i VTEC,97
1065,100 D75 K2,76
1066,Dzire AMT VDI,44
1067,1.6 VTVT S,24
1068,XL 85 PS,95
1069,Titanium Diesel BSIV,132
1070,Active 1.4 SX,48
1071,1.2 Alpha BSIV,106
1072,1800 ISZ MPFI PW CL,64
1073,1800 ISZ MPFI PW CL,133
1074,1800 ISZ MPFI PW CL,134
1075,Zeta 1.3,89
1076,XE D,95
1077,Dzire LDIX Limited Edition,44
1078,Ambiente 2.0 TDI CR AT,69
1079,Vitara MT,64
1080,Vitara MT,133
1081,Vitara MT,134
1082,Series 530i,135
1083,XZA AMT,37
1084,Hybrid,136
1085,DDiS VDI,44
1086,Corporate Edition,56
1087,Celeste 1.5 TDI Highline AT,60
1088,4x4 XLT,104
1089,King HT BSIV,78
1090,Safari 4X2,35
1091,Safari 4X2,158
1092,2.5 E Diesel MS 7-seater,61
1093,2.6 Turbo 9 Str,21
1094,2.0L TDI Highline AT,65
1095,i10 Nios AMT Magna,64
1096,i10 Nios AMT Magna,133
1097,i10 Nios AMT Magna,134
1098,SHVS LDI,68
1099,VDi Plus,112
1100,Sportz Option 1.2,48
1101,Altis G,70
1102,2.5 G4 Diesel 7-seater,61
1103,300 T8,111
1104,2.6 SLX CRDe,21
1105,D2 BSIV,46
1106,Liva VD,39
1107,2.5 GX (Diesel) 8 Seater,61
1108,1.5P Titanium AT,15
1109,2.4 AT,126
1110,W8 4WD,127
1111,Executive (HE),70
1112,300 T4,111
1113,1.5 S i DTEC,97
1114,XE,137
1115,VXi,112
1116,i10 1.2 Kappa Era,64
1117,i10 1.2 Kappa Era,133
1118,i10 1.2 Kappa Era,134
1119,1.1 CRDi SX,59
1120,4X4,114
1121,i DTEC V,56
1122,ZDI Plus,44
1123,XL CVT,23
1124,Dzire LDI Optional,44
1125,i20 Sportz Plus Dual Tone BSIV,129
1126,1.2 VTVT S AT,59
1127,i20 Asta Option BSIV,129
1128,VXI Optional,47
1129,1.5 Diesel RXT,138
1130,Neo 3 LT 9 Seats BSIII,74
1131,EVO 1.3 Emotion,26
1132,ZXI Plus,44
1133,E6,46
1134,2.4 MT,126
1135,B6,33
1136,Safari 3L Dicor LX 4x2,35
1137,Safari 3L Dicor LX 4x2,158
1138,1.6 CRDi SX,24
1139,Dzire ZXI 1.2 BS IV,44
1140,1.2 Revotron XM,107
1141,1.2 Magna Executive,48
1142,1.2 Revotron XZ Plus Dual Tone,122
1143,S i VTEC,77
1144,1.5 DV5 MT Ambiente,67
1145,2.5 VX (Diesel) 8 Seater BS IV,61
1146,1.8 TSI MT,139
1147,1.5 DV5 MT Titanium Optional,67
1148,1.99 S4,21
1149,Trend Petrol BSIV,132
1150,LDI Optional,44
1151,VXI CNG,68
1152,Brezza ZDi,140
1153,1.5 Petrol Titanium BSIV,110
1154,DI 4X4 PS,114
1155,VDI SHVS,112
1156,300 mHAWK100 T8,111
1157,Sportz BSIV,20
1158,1.5 Diesel Titanium Plus BSIV,110
1159,2.5 G (Diesel) 7 Seater,61
1160,Power Plus ZLX,33
1161,1.4 Asta Option,48
1162,VX CVT,97
1163,SLX MT,141
1164,V i VTEC,77
1165,1.5 V,39
1166,1.2 Asta Dual Tone,48
1167,Hurricane Limited Edition,104
1168,1.5 Highline Plus AT 16 Alloy,60
1169,ZDi Plus,112
1170,1.5 E i DTEC,97
1171,2.7 TDI,142
1172,1.4 Delta,112
1173,1.2 AMT Delta BSIV,106
1174,VX i-VTEC,63
1175,CJ 500 DI,87
1176,1.2 VTVT E Plus,59
1177,Brezza ZDi Plus,140
1178,ZXi BSIV,44
1179,i20 Asta Option CVT BSIV,129
1180,2.0 GX 8 STR BSIV,61
1181,Elegance 2.0 TDI CR AT,69
1182,X ZXI BSIV,47
1183,VLX 2WD ABS AT BSIII,21
1184,i-DTEC VX,143
1185,2.5 GX 7 STR,61
1186,V CVT Petrol BSIV,63
1187,Brezza VDi,140
1188,1.5 Diesel Titanium,67
1189,XL,95
1190,i VTEC S,56
1191,VX Diesel BSIV,63
1192,Zeta Automatic,89
1193,Climber 1.0 MT Opt BSIV,29
1194,1.5D Titanium Opt MT,15
1195,AT W8 FWD,127
1196,SLE BS IV,21
1197,VXD,39
1198,Safari 4X4 EX,35
1199,Safari 4X4 EX,158
1200,XZ,137
1201,SHVS ZDI Plus,68
1202,i10 1.2 Kappa Sportz AT,64
1203,i10 1.2 Kappa Sportz AT,133
1204,i10 1.2 Kappa Sportz AT,134
1205,Brezza VDi Option,140
1206,i-VTEC VX MT,144
1207,AT W10 AWD,127
1208,Titanium Plus BSIV,119
1209,ZXi Plus,112
1210,Brezza LDi Option,140
1211,i-VTEC VX,143
1212,Altis D-4D J,70
1213,2015-2019 1.2 MPI Highline,16
1214,XV,145
1215,Ambition 4X2,120
1216,VVT ZXI,44
1217,i10 Asta Option AT,64
1218,i10 Asta Option AT,133
1219,i10 Asta Option AT,134
1220,N8,146
1221,2.5 VX 8 STR,61
1222,2.5 VX (Diesel) 8 Seater,61
1223,CRDe,114
1224,Power Plus Plus Non AC BSIV PS,33
1225,Dzire VDI Optional,44
1226,BSIV,21
1227,S2 7 Seater,21
1228,1.6 VTVT SX,24
1229,Brezza ZDi Plus AMT,140
1230,1.5 TDI Highline AT,60
1231,i20 Magna Plus Diesel,129
1232,Fe 4X4,147
1233,1.5 Diesel Ambiente BSIV,110
1234,1.4 VXD,39
1235,1.6 CRDi SX Option,115
1236,Asta Option 1.2,48
1237,Titanium Plus Diesel BSIV,132
1238,1.5 Petrol Ambiente,67
1239,300 T10 Dual Tone,111
1240,1.6 MPI AT Ambition BSIV,52
1241,ZXI AT,47
1242,Active S Diesel,48
1243,1.4 E Plus,115
1244,Dzire AMT ZXI Plus BS IV,44
1245,1.6 Gamma SX Plus,115
1246,R ZXI 1.2,3
1247,2.4,148
1248,Delta DDiS 200 SH,131
1249,W10 1.99 mHawk,127
1250,E250 CDI Elegance,130
1251,S 1.3,112
1252,i20 Diesel Era,129
1253,1.6 VTVT AT S Option,24
1254,M2 8Str,149
1255,Monte Carlo 1.6 MPI AT BSIV,52
1256,1.5 Petrol Trend,67
1257,1.5 Revotorq XZ,122
1258,i-VTEC SV,56
1259,Sigma DDiS 200 SH,131
1260,XL P,95
1261,1.5 VDI,68
1262,VTVT 1.6 SX,24
1263,1.5 V i DTEC,97
1264,Titanium Plus Diesel BSIV,119
1265,i DTec V,56
1266,Storme VX Varicor 400,102
1267,1.99 S6 Plus,21
1268,2.5 VX (Diesel) 7 Seater,61
1269,ZDi,112
1270,Delta 1.3,89
1271,VLX 2.2 mHawk Airbag BSIV,21
1272,Aspire 1.5 Ti-VCT Titanium,15
1273,Dzire AMT VXI,44
1274,Altis Diesel D4DGL,70
1275,1.5 Diesel Trend Plus BSIV,110
1276,2.8 SFX BSIV Dual Tone,150
1277,CRDi 1.6 EX,24
1278,1.5 TDI Highline,101
1279,Alpha DDiS 200 SH,131
1280,1.5 Diesel Titanium BSIV,110
1281,ZDi Plus SHVS,112
1282,M4,149
1283,Dzire ZXI Plus,44
1284,VTVT 1.6 AT SX Option,24
1285,CRDe AC,114
1286,Titanium 4X2,104
1287,1.5 Petrol Titanium Plus AT BSIV,110
1288,Dzire AMT ZXI,44
1289,Titanium Diesel,132
1290,CRDi SX,79
1291,i-DTEC VX MT,144
1292,i10 Nios Sportz,64
1293,i10 Nios Sportz,133
1294,i10 Nios Sportz,134
1295,85PS Diesel RxZ,57
1296,LK 1.8 TSI AT,75
1297,Titanium,15
1298,Dzire VXI 1.2 BS IV,44
1299,i-DTEC V,56
1300,S4 4WD,21
1301,Sport 4X4,150
1302,2.5 Z Diesel 7 Seater BS IV,61
1303,CRDi 1.6 AT EX,24
1304,2.0 Diesel,151
1305,i-DTEC V,143
1306,Liva 1.2 VX,39
1307,S Petrol BSIV,63
1308,BSIV VXI AT,68
1309,VXi Plus,112
1310,Select Edition,97
1311,H8 ABS with Airbags,46
1312,1.5 Ti VCT MT Trend BSIV,110
1313,i-VTEC S MT,144
1314,Facelift,131
1315,SHVS LDI Option,68
1316,Titanium Plus Diesel,132
1317,ZXI,68
1318,RXT BSIV,152
1319,V MT,56
1320,Brezza LDi,140
1321,1.4 CRDi Base,115
1322,SX Opt Diesel,153
1323,sDrive20d,154
1324,1.3 Delta,112
1325,Brezza ZDi Plus Dual Tone,140
1326,1.5 Petrol Titanium Plus AT,67
1327,1.5 TDCi Titanium Plus BE BSIV,110
1328,Aspire Titanium Plus Diesel,15
1329,1.4 Alpha,112
1330,Stepway 85PS RXZ 8S,117
1331,1.5 Ti VCT MT Titanium BE BSIV,110
1332,i-VTEC CVT VX,56
1333,Urban Cross 1.3 Multijet Emotion,86
1334,i10 Nios Magna CRDi,64
1335,i10 Nios Magna CRDi,133
1336,i10 Nios Magna CRDi,134
1337,1.5 TDI Highline Plus AT,60
1338,1.4 EX Diesel,115
1339,1.5 TDI AT Ambition BSIV,52
1340,S7 140 BSIV,21
1341,2.5 VX 8 STR BSIV,61
1342,1.2 VX i VTEC,97
1343,Brezza ZDi Plus AMT Dual Tone,140
1344,1.2 Revotron XZ Plus,122
1345,V,97
1346,1.5 Diesel Trend BSIV,110
1347,1.6 SX Option,115
1348,110PS Diesel RxZ AWD,57
1349,1.5 TDI Ambition BSIV,52
1350,1.5 TDI Highline Plus 16,101
1351,1.6 CRDi SX Plus,115
1352,XT,155
1353,XTA,155
1354,1.6 VTVT S,115
1355,1.4 Zeta,112
1356,i VTEC VX,56
1357,2.5 GX (Diesel) 8 Seater BS IV,61
1358,1.6 SX Automatic Diesel,115
1359,1.6 CRDI SX Option,24
1360,1.0 Ecoboost Platinum Edition BSIV,67
1361,SX Opt Turbo BSIV,153
1362,2.0 TDI 177 Bhp Premium Plus,156
1363,XM,155
1364,CRDi 1.6 SX Option,24
1365,1.2 AMT Alpha BSIV,106
1366,V Diesel BSIV,63
1367,Series 730Ld,157
1368,Active 1.4 SX with AVN,48
1369,i-VTEC VX,56
1370,Alpha,89
1371,i20 Petrol Asta Option,129
1372,280 CDI Elegance,130
1373,B4,33
1374,Edge Edition Diesel SV,56
1375,E i DTEC,77
1376,300 T10,111
1377,CRDi 1.6 SX,24
1378,2.8 FSI,142
1379,300 T8 AMT,111
1380,2.0 TDI Premium Plus,142
1381,Titanium,132
1382,M/t,136
1383,1.5 Ti VCT MT Titanium BSIV,110
1384,2.0L TDI Highline,65
1385,Elegance 2.0 TDI AT,99
1386,CRDi 1.6 AT SX Option,24
1387,1.4 CRDi S,115
1388,2.5 VX (Diesel) 7 Seater BS IV,61
1389,SX,79
1390,1.4 CRDi S Plus,115
1391,Sports Petrol,67
1392,2.5 G1 BSIV,61
1393,Crysta 2.4 VX MT BSIV,61
1394,GTI,16
1395,Zeta BSIV,112
1396,i20 Sportz Plus CVT BSIV,129
1397,W10 2WD,127
1398,1.5 DV5 MT Trend,67
1399,ZXI AT Petrol,68
1400,1.6 SX Automatic,115
1401,i20 Diesel Asta Option,129
1402,300 Plus P4,111
1403,Titanium Plus,132
1404,W11 Option AWD,127
1405,C-Class 200 CDI Classic,35
1406,C-Class 200 CDI Classic,158
1407,1.8 TFSI,156
1408,W5 BSIV,127
1409,S6 Plus 7 Seater,21
1410,Series 525d Sedan,135
1411,GT 1.0 TSI,16
1412,i-DTEC VX,56
1413,3.0L 4X4 AT,104
1414,2.0 TDI Quattro Premium Plus,159
1415,G,160
1416,1.5 Diesel RXT Mono,138
1417,1.0 TSI Highline Plus,16
1418,4x4 MT,161
1419,VX CVT,56
1420,W8 Option Diesel BSIV,162
1421,W8 Option,162
1422,3.2 MT,163
1423,Sigma BSIV,112
1424,i-VTEC ZX,56
1425,1.6 E Plus,115
1426,H4 ABS,46
1427,Series 320d Sport,164
1428,VXI Petrol,68
1429,W7 BSIV,127
1430,1.4 Sport Plus BSIV,165
1431,V-Cross Standard,166
1432,AT W10 FWD,127
1433,Crysta 2.4 ZX MT,61
1434,1.5 Revotorq XM,122
1435,Fe 4WD AT,147
1436,1.5 TDCi Ambiente,13
1437,S11 BSIV,21
1438,S2 9 Seater,21
1439,CRDe ABS,114
1440,HTK Plus AT D,167
1441,Alpha CVT,89
1442,E 200 CGI Elegance,130
1443,i-VTEC CVT ZX,56
1444,XL Plus ICC WT20 SE,95
1445,W6 1.99 mHawk,127
1446,1.6 VTVT AT SX Plus,115
1447,3.0 Diesel,161
1448,1.6 CRDi AT SX Plus,115
1449,Altis 1.8 GL,70
1450,1.5 TDI AT Style BSIV,52
1451,M8 8Str,149
1452,ZDI Plus,68
1453,Crysta 2.4 G MT BSIV,61
1454,1.5 Diesel Titanium Plus,67
1455,Altis G AT,70
1456,2.0 TDI,168
1457,280 CDI,130
1458,1.6 CRDi AT SX,24
1459,1.5 TDCi Titanium Plus BSIV,110
1460,2.5 GX 7 STR BSIV,61
1461,W7,127
1462,S5 BSIV,21
1463,1.5 Petrol Titanium Plus,67
1464,E250 Edition E,130
1465,S9 BSIV,21
1466,2.0 TFSI Quattro,168
1467,XL D BSIV,169
1468,i-DTEC ZX,56
1469,1.5 TDI Highline BSIV,60
1470,C-Class C 220 CDI Avantgarde,35
1471,C-Class C 220 CDI Avantgarde,158
1472,2.0 e-VGT 2WD MT,108
1473,3.0 TDI Quattro,156
1474,1.9 TDI Trendline,65
1475,C-Class 220 CDI AT,35
1476,C-Class 220 CDI AT,158
1477,Altis GL MT,70
1478,D3 Kinetic,170
1479,Crysta 2.4 GX AT,61
1480,1.6 SX,115
1481,230,130
1482,2.0 TDI,156
1483,3.2 Titanium AT 4X4,104
1484,5.0 Litre V8 Petrol,171
1485,35 TDI Quattro Premium,172
1486,Class B180 Sports,173
1487,i-DTEC V MT,118
1488,sDrive20d M Sport,154
1489,sDrive 20d Exclusive,154
1490,Series 320d Luxury Line,164
1491,2.0 Longitude Option BSIV,165
1492,1.5 TDI Highline Plus AT BSIV,60
1493,W10 AWD,127
1494,Crysta 2.8 GX AT BSIV,61
1495,Thunder Edition Diesel,67
1496,2.0 SX AT,79
1497,AT W10 1.99 mHawk,127
1498,AT W6 2WD,127
1499,D5 Inscription,170
1500,Crysta 2.4 VX MT 8S BSIV,61
1501,L 3.0 TDI quattro,174
1502,2.0 TDI  Design Edition,142
1503,Hybrid 2.5,136
1504,Altis 1.8 VL CVT,70
1505,2.0 e-VGT 2WD AT GL,108
1506,Smart AT,175
1507,XV Premium D BSIV,169
1508,XZ BSIV,121
1509,C-Class C 220 CDI BE Avantgare,35
1510,C-Class C 220 CDI BE Avantgare,158
1511,sDrive 20d xLine,154
1512,4x2 AT,161
1513,Series 320d Sport Line,164
1514,Diesel 4WD,176
1515,XT 4X4,155
1516,35 TDI Premium,156
1517,New  2.0 TDI Multitronic,156
1518,3.0 Litre S Premium Luxury,171
1519,W7 AT BSIV,127
1520,Titanium Plus 4X4,104
1521,Sharp Diesel MT BSIV,175
1522,C-Class C 220 CDI Grand Edition,35
1523,C-Class C 220 CDI Grand Edition,158
1524,W11 AT BSIV,127
1525,Series 520d Luxury Line,135
1526,2.2 Litre Luxury,171
1527,4.2 TDI,174
1528,2.2 Titanium AT 4X2,104
1529,W11 Option AT AWD,127
1530,Crysta 2.8 ZX AT BSIV,61
1531,D3 R Design,177
1532,Range Rover Evoque 2.2L Dynamic,178
1533,2.0 TFSI Quattro Premium Plus,168
1534,4x2 Manual,161
1535,Crysta 2.4 GX MT 8S BSIV,61
1536,Crysta 2.4 VX MT,61
1537,30 TFSI Technology,156
1538,2.5 Hybrid,136
1539,2.8 2WD AT BSIV,161
1540,Progressive C 220d,179
1541,E250 CDI Blue Efficiency,130
1542,35 TDI Quattro Technology,159
1543,2.7 2WD AT,161
1544,ML 350 CDI,180
1545,5.0 L V8 Supercharged,181
1546,2.8 4WD AT BSIV,161
1547,G4 4X2 AT BSIV,182
1548,3.0 TDI Quattro Technology,168
1549,Series GT Luxury Line,164
1550,xDrive 30d xLine,183
1551,Exclusive E 200 BSIV,130
1552,Series Signature 730Ld,157
1553,350 CDI Blue Efficiency,184
1554,Range Rover 4.4 Diesel LWB Vogue SE,178
1555,Discovery Sport SD4 HSE Luxury,178
1556,90 D5 Inscription BSIV,185
1557,Discovery S 2.0 SD4,178
1558,35 TDI Premium Plus,156
1559,Discovery Sport TD4 HSE 7S,178
1560,2016-2020 350d 4MATIC,186
1561,Sportback,187
1562,2015-2019 Sportback Performance,188
1563,S 350d Connoisseurs Edition,189
